,Learning Rate,Epoch,Train Loss,Val mIoU,Test mIoU
10,0.002,38,0.004599899519234896,0.7594507185085724,0.723486323512297
26,0.005,39,0.005756503902375698,0.7363358988006155,0.6856292572763711
33,0.008,12,0.012073200196027756,0.6616246114997373,0.6299738053053948
