,Learning Rate,Epoch,Train Loss,Val mIoU certain,Test mIoU certain,Val mIoU combined,Test mIoU combined
17,0.0001,40,0.00061232183361426,0.6939027006721941,0.7369790834188794,0.6960860891258775,0.7350277384324659
38,0.0002,45,0.0005138797569088638,0.715110273619797,0.7556474045358783,0.7173509870589891,0.7539935025213225
56,0.0005,41,0.0004606704751495272,0.7328926241860764,0.770134513074888,0.7372201240100542,0.7700408952620733
74,0.001,42,0.0004034442827105522,0.7351368960540652,0.7616294446860848,0.7350980075568909,0.7594252232265882
