,Learning Rate,Epoch,Train Loss,Val mIoU,Test mIoU
9,0.0001,41,0.00395957101136446,0.7548223611138727,0.7332646966924888
17,0.0002,19,0.004645730834454298,0.7749280964444332,0.7325359794994263
24,0.0005,26,0.004314159508794546,0.7715808143085758,0.7403239126417615
33,0.001,12,0.006240966729819775,0.7571100385680558,0.6993342790802527
