,Learning Rate,Epoch,Train Loss,Val mIoU,Test mIoU
30,0.0001,49,0.0008458137745037675,0.737124099949376,0.7652048314519027
54,0.0002,40,0.0007619018433615565,0.7438336310641688,0.7702194941633205
78,0.0005,49,0.0005795020842924714,0.7465061109207262,0.7767447207872475
99,0.001,44,0.0005435580969788134,0.743752206027884,0.766604119552996
